Cell ID,Remaining Useful Life
108,189.56906013653906
109,115.0754364693867
110,103.77015375763305
111,243.7371813372756
112,209.49289535713942
113,202.45814677976657
114,142.37435048754332
115,170.48002497124648
116,145.3416339218801
117,115.01642366595533
118,195.6116022740876
119,189.39488878162453
120,211.31150790406133
121,138.0932561663577
122,187.50142293929795
123,241.50420170254776
124,168.59133460354343
125,220.86854255208905
126,138.6619955748607
